{"cameraMode":{"drawMode":0,"name":"Shaded","section":"Shading Mode"},"sceneLighting":true,"audioPlay":false,"sceneViewState":{"m_AlwaysRefresh":false,"showFog":true,"showSkybox":true,"showFlares":true,"showImageEffects":true,"showParticleSystems":true,"showVisualEffectGraphs":true,"m_FxEnabled":true},"in2DMode":false,"pivot":{"x":1.8765087127685547,"y":-1.3198699951171876,"z":6.635311126708984},"rotation":{"x":-0.11373258382081986,"y":-0.07533511519432068,"z":0.008649161085486412,"w":-0.9906147122383118},"size":11.296585083007813,"orthographic":false}