{"cameraMode":{"drawMode":0,"name":"Shaded","section":"Shading Mode"},"sceneLighting":false,"audioPlay":false,"sceneViewState":{"m_AlwaysRefresh":false,"showFog":true,"showSkybox":false,"showFlares":true,"showImageEffects":true,"showParticleSystems":true,"showVisualEffectGraphs":true,"m_FxEnabled":true},"in2DMode":false,"pivot":{"x":-0.03999999910593033,"y":0.10658113658428192,"z":-8.510000228881836},"rotation":{"x":-0.11373258382081986,"y":-0.07533511519432068,"z":0.008649161085486412,"w":-0.9906147122383118},"size":0.18905331194400788,"orthographic":false}